<?xml version="1.0" encoding="UTF-8"?>

<!--
            Taxonomy: 2009-04-01 (Final)
            ********************** 
            Copyright © 2009 International Accounting Standards Committee (IASC) Foundation 
            This material is copyright of the IASC Foundation and all rights are reserved. 
            No part of this material may be translated, reprinted, reproduced or utilised in 
            any form or manner that is not expressly permitted by the IASC Foundations XBRL 
            IP Policy see: http://www.iasb.org/xbrl/ 
            ********************** 
            

        -->
<link:linkbase xmlns:xsi="http://www.w3.org/2001/XMLSchema-instance" xsi:schemaLocation="http://www.xbrl.org/2003/linkbase http://www.xbrl.org/2003/xbrl-linkbase-2003-12-31.xsd" xmlns:link="http://www.xbrl.org/2003/linkbase" xmlns:xlink="http://www.w3.org/1999/xlink">
  <link:roleRef roleURI="http://xbrl.iasb.org/role/ifrs/IFRIC_2_2009-04-01_role-868500" xlink:type="simple" xlink:href="rol_ifric_2_2009-04-01.xsd#IFRIC_2_2009-04-01_role-868500"/>
  <link:presentationLink xlink:type="extended" xlink:role="http://xbrl.iasb.org/role/ifrs/IFRIC_2_2009-04-01_role-868500" xlink:title="[868500] Notes - Redemption prohibition, transfer between financial liabilities and equity">
    <link:loc xlink:type="locator" xlink:href="../../ifrs-cor_2009-04-01.xsd#ifrs_DisclosureOfRedemptionProhibitionTransferBetweenFinancialLiabilitiesAndEquityExplanatory" xlink:label="loc"/>
    <link:loc xlink:type="locator" xlink:href="../../ifrs-cor_2009-04-01.xsd#ifrs_TransferBetweenFinancialLiabilitiesAndEquityAttributableToChangeInRedemptionProhibition" xlink:label="loc_2"/>
    <link:loc xlink:type="locator" xlink:href="../../ifrs-cor_2009-04-01.xsd#ifrs_TimingAndReasonForTransferBetweenFinancialLiabilitiesAndEquityAttributableToChangeInRedemptionProhibition" xlink:label="loc_3"/>
    <link:presentationArc xlink:type="arc" xlink:arcrole="http://www.xbrl.org/2003/arcrole/parent-child" xlink:from="loc" xlink:to="loc_2" order="10.0"/>
    <link:presentationArc xlink:type="arc" xlink:arcrole="http://www.xbrl.org/2003/arcrole/parent-child" xlink:from="loc" xlink:to="loc_3" order="20.0"/>
  </link:presentationLink>
</link:linkbase>
