<?xml version="1.0" encoding="UTF-8"?>

<!--
            Taxonomy: 2009-04-01 (Final)
            ********************** 
            Copyright © 2009 International Accounting Standards Committee (IASC) Foundation 
            This material is copyright of the IASC Foundation and all rights are reserved. 
            No part of this material may be translated, reprinted, reproduced or utilised in 
            any form or manner that is not expressly permitted by the IASC Foundations XBRL 
            IP Policy see: http://www.iasb.org/xbrl/ 
            ********************** 
            

        -->
<link:linkbase xmlns:xsi="http://www.w3.org/2001/XMLSchema-instance" xsi:schemaLocation="http://www.xbrl.org/2006/ref http://www.xbrl.org/2006/ref-2006-02-27.xsd http://www.xbrl.org/2003/linkbase http://www.xbrl.org/2003/xbrl-linkbase-2003-12-31.xsd" xmlns:link="http://www.xbrl.org/2003/linkbase" xmlns:ref="http://www.xbrl.org/2006/ref" xmlns:xlink="http://www.w3.org/1999/xlink">
  <link:referenceLink xlink:type="extended" xlink:role="http://www.xbrl.org/2003/role/link">
    <link:loc xlink:type="locator" xlink:href="../../ifrs-cor_2009-04-01.xsd#ifrs_NameOfUltimateParentOfGroup" xlink:label="loc_12"/>
    <link:loc xlink:type="locator" xlink:href="../../ifrs-cor_2009-04-01.xsd#ifrs_NameOfParentEntity" xlink:label="loc_15"/>
    <link:loc xlink:type="locator" xlink:href="../../ifrs-cor_2009-04-01.xsd#ifrs_DisclosureOfKeyManagementPersonnelCompensationExplanatory" xlink:label="loc"/>
    <link:loc xlink:type="locator" xlink:href="../../ifrs-cor_2009-04-01.xsd#ifrs_DisclosureOfRelatedPartyExplanatory" xlink:label="loc_2"/>
    <link:loc xlink:type="locator" xlink:href="../../ifrs-cor_2009-04-01.xsd#ifrs_DisclosureOfRelationshipsBetweenParentsAndEntityExplanatory" xlink:label="loc_3"/>
    <link:loc xlink:type="locator" xlink:href="../../ifrs-cor_2009-04-01.xsd#ifrs_DisclosureOfTransactionsBetweenRelatedPartiesExplanatory" xlink:label="loc_4"/>
    <link:loc xlink:type="locator" xlink:href="../../ifrs-cor_2009-04-01.xsd#ifrs_DisclosureOfTransactionsBetweenRelatedPartiesAssociatesExplanatory" xlink:label="loc_5"/>
    <link:loc xlink:type="locator" xlink:href="../../ifrs-cor_2009-04-01.xsd#ifrs_DisclosureOfTransactionsBetweenRelatedPartiesJointControlOrSignificantInfluencesExplanatory" xlink:label="loc_6"/>
    <link:loc xlink:type="locator" xlink:href="../../ifrs-cor_2009-04-01.xsd#ifrs_DisclosureOfTransactionsBetweenRelatedPartiesJointVenturesWhereEntityIsVenturerExplanatory" xlink:label="loc_7"/>
    <link:loc xlink:type="locator" xlink:href="../../ifrs-cor_2009-04-01.xsd#ifrs_DisclosureOfTransactionsBetweenRelatedPartiesKeyManagementPersonnelOfEntityExplanatory" xlink:label="loc_8"/>
    <link:loc xlink:type="locator" xlink:href="../../ifrs-cor_2009-04-01.xsd#ifrs_DisclosureOfTransactionsBetweenRelatedPartiesOtherRelatedPartiesExplanatory" xlink:label="loc_9"/>
    <link:loc xlink:type="locator" xlink:href="../../ifrs-cor_2009-04-01.xsd#ifrs_DisclosureOfTransactionsBetweenRelatedPartiesParentsExplanatory" xlink:label="loc_10"/>
    <link:loc xlink:type="locator" xlink:href="../../ifrs-cor_2009-04-01.xsd#ifrs_DisclosureOfTransactionsBetweenRelatedPartiesSubsidiariesExplanatory" xlink:label="loc_11"/>
    <link:loc xlink:type="locator" xlink:href="../../ifrs-cor_2009-04-01.xsd#ifrs_ExplanationOfRelationshipsBetweenParentsAndEntity" xlink:label="loc_13"/>
    <link:loc xlink:type="locator" xlink:href="../../ifrs-cor_2009-04-01.xsd#ifrs_NameOfMostSeniorParentEntityProducingPubliclyAvailableFinancialStatements" xlink:label="loc_14"/>
    <link:loc xlink:type="locator" xlink:href="../../ifrs-cor_2009-04-01.xsd#ifrs_DescriptionOfKeyManagementPersonnelCompensationPostemploymentBenefits" xlink:label="loc_16"/>
    <link:loc xlink:type="locator" xlink:href="../../ifrs-cor_2009-04-01.xsd#ifrs_DescriptionOfKeyManagementPersonnelCompensation" xlink:label="loc_17"/>
    <link:loc xlink:type="locator" xlink:href="../../ifrs-cor_2009-04-01.xsd#ifrs_DescriptionOfKeyManagementPersonnelCompensationTerminationBenefits" xlink:label="loc_18"/>
    <link:loc xlink:type="locator" xlink:href="../../ifrs-cor_2009-04-01.xsd#ifrs_DescriptionOfKeyManagementPersonnelCompensationSharebasedPayment" xlink:label="loc_19"/>
    <link:loc xlink:type="locator" xlink:href="../../ifrs-cor_2009-04-01.xsd#ifrs_DescriptionOfKeyManagementPersonnelCompensationOtherLongtermBenefits" xlink:label="loc_20"/>
    <link:loc xlink:type="locator" xlink:href="../../ifrs-cor_2009-04-01.xsd#ifrs_DescriptionOfKeyManagementPersonnelCompensationShorttermEmployeeBenefits" xlink:label="loc_21"/>
    <link:loc xlink:type="locator" xlink:href="../../ifrs-cor_2009-04-01.xsd#ifrs_DescriptionOfTransactionsWithRelatedPartyKeyManagementPersonnelOfEntity" xlink:label="loc_22"/>
    <link:loc xlink:type="locator" xlink:href="../../ifrs-cor_2009-04-01.xsd#ifrs_DescriptionOfNatureOfRelatedPartyRelationshipSubsidiaries" xlink:label="loc_23"/>
    <link:loc xlink:type="locator" xlink:href="../../ifrs-cor_2009-04-01.xsd#ifrs_DescriptionOfTransactionsWithRelatedPartySubsidiaries" xlink:label="loc_24"/>
    <link:loc xlink:type="locator" xlink:href="../../ifrs-cor_2009-04-01.xsd#ifrs_DescriptionOfNatureOfRelatedPartyRelationshipAssociates" xlink:label="loc_25"/>
    <link:loc xlink:type="locator" xlink:href="../../ifrs-cor_2009-04-01.xsd#ifrs_DescriptionOfNatureOfRelatedPartyRelationshipKeyManagementPersonnelOfEntity" xlink:label="loc_26"/>
    <link:loc xlink:type="locator" xlink:href="../../ifrs-cor_2009-04-01.xsd#ifrs_DescriptionOfTransactionsWithRelatedPartyJointControlOrSignificantInfluence" xlink:label="loc_27"/>
    <link:loc xlink:type="locator" xlink:href="../../ifrs-cor_2009-04-01.xsd#ifrs_DescriptionOfNatureOfRelatedPartyRelationshipOtherRelatedParties" xlink:label="loc_28"/>
    <link:loc xlink:type="locator" xlink:href="../../ifrs-cor_2009-04-01.xsd#ifrs_DescriptionOfNatureOfRelatedPartyRelationshipParent" xlink:label="loc_29"/>
    <link:loc xlink:type="locator" xlink:href="../../ifrs-cor_2009-04-01.xsd#ifrs_DescriptionOfTransactionsWithRelatedPartyJointVenturesWhereEntityIsVenturer" xlink:label="loc_30"/>
    <link:loc xlink:type="locator" xlink:href="../../ifrs-cor_2009-04-01.xsd#ifrs_DescriptionOfNatureOfRelatedPartyRelationshipJointControlOrSignificantInfluence" xlink:label="loc_31"/>
    <link:loc xlink:type="locator" xlink:href="../../ifrs-cor_2009-04-01.xsd#ifrs_DescriptionOfTransactionsWithRelatedPartyOtherRelatedParties" xlink:label="loc_32"/>
    <link:loc xlink:type="locator" xlink:href="../../ifrs-cor_2009-04-01.xsd#ifrs_DescriptionOfNatureOfRelatedPartyRelationshipJointVenturesWhereEntityIsVenturer" xlink:label="loc_33"/>
    <link:loc xlink:type="locator" xlink:href="../../ifrs-cor_2009-04-01.xsd#ifrs_DescriptionOfTransactionsWithRelatedPartyAssociates" xlink:label="loc_34"/>
    <link:loc xlink:type="locator" xlink:href="../../ifrs-cor_2009-04-01.xsd#ifrs_DescriptionOfTransactionsWithRelatedPartyParent" xlink:label="loc_35"/>
    <link:loc xlink:type="locator" xlink:href="../../ifrs-cor_2009-04-01.xsd#ifrs_ExplanationOfExpenseRecognisedDuringPeriodForBadAndDoubtfulDebtsForRelatedPartyTransactionAssociates" xlink:label="loc_36"/>
    <link:loc xlink:type="locator" xlink:href="../../ifrs-cor_2009-04-01.xsd#ifrs_ExplanationOfExpenseRecognisedDuringPeriodForBadAndDoubtfulDebtsForRelatedPartyTransactionJointVenturesWhereEntityIsVenturer" xlink:label="loc_37"/>
    <link:loc xlink:type="locator" xlink:href="../../ifrs-cor_2009-04-01.xsd#ifrs_ExplanationOfExpenseRecognisedDuringPeriodForBadAndDoubtfulDebtsForRelatedPartyTransactionOtherRelatedParties" xlink:label="loc_38"/>
    <link:loc xlink:type="locator" xlink:href="../../ifrs-cor_2009-04-01.xsd#ifrs_ExplanationOfExpenseRecognisedDuringPeriodForBadAndDoubtfulDebtsForRelatedPartyTransactionJointControlOrSignificantInfluence" xlink:label="loc_39"/>
    <link:loc xlink:type="locator" xlink:href="../../ifrs-cor_2009-04-01.xsd#ifrs_ExplanationOfExpenseRecognisedDuringPeriodForBadAndDoubtfulDebtsForRelatedPartyTransactionParent" xlink:label="loc_40"/>
    <link:loc xlink:type="locator" xlink:href="../../ifrs-cor_2009-04-01.xsd#ifrs_ExplanationOfExpenseRecognisedDuringPeriodForBadAndDoubtfulDebtsForRelatedPartyTransactionKeyManagementPersonnelOfEntity" xlink:label="loc_41"/>
    <link:loc xlink:type="locator" xlink:href="../../ifrs-cor_2009-04-01.xsd#ifrs_ExplanationOfExpenseRecognisedDuringPeriodForBadAndDoubtfulDebtsForRelatedPartyTransactionSubsidiaries" xlink:label="loc_42"/>
    <link:loc xlink:type="locator" xlink:href="../../ifrs-cor_2009-04-01.xsd#ifrs_ExplanationOfAmountOfOutstandingBalancesForRelatedPartyTransactionJointVenturesWhereEntityIsVenturer" xlink:label="loc_43"/>
    <link:loc xlink:type="locator" xlink:href="../../ifrs-cor_2009-04-01.xsd#ifrs_ExplanationOfAmountOfOutstandingBalancesForRelatedPartyTransactionKeyManagementPersonnelOfEntity" xlink:label="loc_44"/>
    <link:loc xlink:type="locator" xlink:href="../../ifrs-cor_2009-04-01.xsd#ifrs_ExplanationOfAmountOfOutstandingBalancesForRelatedPartyTransactionAssociates" xlink:label="loc_45"/>
    <link:loc xlink:type="locator" xlink:href="../../ifrs-cor_2009-04-01.xsd#ifrs_ExplanationOfAmountOfOutstandingBalancesForRelatedPartyTransactionOtherRelatedParties" xlink:label="loc_46"/>
    <link:loc xlink:type="locator" xlink:href="../../ifrs-cor_2009-04-01.xsd#ifrs_ExplanationOfAmountOfOutstandingBalancesForRelatedPartyTransactionParent" xlink:label="loc_47"/>
    <link:loc xlink:type="locator" xlink:href="../../ifrs-cor_2009-04-01.xsd#ifrs_ExplanationOfAmountOfOutstandingBalancesForRelatedPartyTransactionJointControlOrSignificantInfluence" xlink:label="loc_48"/>
    <link:loc xlink:type="locator" xlink:href="../../ifrs-cor_2009-04-01.xsd#ifrs_ExplanationOfAmountOfOutstandingBalancesForRelatedPartyTransactionSubsidiaries" xlink:label="loc_49"/>
    <link:loc xlink:type="locator" xlink:href="../../ifrs-cor_2009-04-01.xsd#ifrs_ExplanationOfProvisionsForDoubtfulDebtsRelatedToOutstandingBalancesOfRelatedPartyTransactionKeyManagementPersonnelOfEntity" xlink:label="loc_50"/>
    <link:loc xlink:type="locator" xlink:href="../../ifrs-cor_2009-04-01.xsd#ifrs_ExplanationOfProvisionsForDoubtfulDebtsRelatedToOutstandingBalancesOfRelatedPartyTransactionSubsidiaries" xlink:label="loc_51"/>
    <link:loc xlink:type="locator" xlink:href="../../ifrs-cor_2009-04-01.xsd#ifrs_ExplanationOfProvisionsForDoubtfulDebtsRelatedToOutstandingBalancesOfRelatedPartyTransactionParent" xlink:label="loc_52"/>
    <link:loc xlink:type="locator" xlink:href="../../ifrs-cor_2009-04-01.xsd#ifrs_ExplanationOfProvisionsForDoubtfulDebtsRelatedToOutstandingBalancesOfRelatedPartyTransactionOtherRelatedParties" xlink:label="loc_53"/>
    <link:loc xlink:type="locator" xlink:href="../../ifrs-cor_2009-04-01.xsd#ifrs_ExplanationOfProvisionsForDoubtfulDebtsRelatedToOutstandingBalancesOfRelatedPartyTransactionAssociates" xlink:label="loc_54"/>
    <link:loc xlink:type="locator" xlink:href="../../ifrs-cor_2009-04-01.xsd#ifrs_ExplanationOfProvisionsForDoubtfulDebtsRelatedToOutstandingBalancesOfRelatedPartyTransactionJointVenturesWhereEntityIsVenturer" xlink:label="loc_55"/>
    <link:loc xlink:type="locator" xlink:href="../../ifrs-cor_2009-04-01.xsd#ifrs_ExplanationOfProvisionsForDoubtfulDebtsRelatedToOutstandingBalancesOfRelatedPartyTransactionJointControlOrSignificantInfluence" xlink:label="loc_56"/>
    <link:loc xlink:type="locator" xlink:href="../../ifrs-cor_2009-04-01.xsd#ifrs_ExplanationOfAmountOfRelatedPartyTransactionSubsidiaries" xlink:label="loc_57"/>
    <link:loc xlink:type="locator" xlink:href="../../ifrs-cor_2009-04-01.xsd#ifrs_ExplanationOfAmountOfRelatedPartyTransactionParent" xlink:label="loc_58"/>
    <link:loc xlink:type="locator" xlink:href="../../ifrs-cor_2009-04-01.xsd#ifrs_ExplanationOfAmountOfRelatedPartyTransactionAssociates" xlink:label="loc_59"/>
    <link:loc xlink:type="locator" xlink:href="../../ifrs-cor_2009-04-01.xsd#ifrs_ExplanationOfAmountOfRelatedPartyTransactionKeyManagementPersonnelOfEntity" xlink:label="loc_60"/>
    <link:loc xlink:type="locator" xlink:href="../../ifrs-cor_2009-04-01.xsd#ifrs_ExplanationOfAmountOfRelatedPartyTransactionJointControlOrSignificantInfluence" xlink:label="loc_61"/>
    <link:loc xlink:type="locator" xlink:href="../../ifrs-cor_2009-04-01.xsd#ifrs_ExplanationOfAmountOfRelatedPartyTransactionJointVenturesWhereEntityIsVenturer" xlink:label="loc_62"/>
    <link:loc xlink:type="locator" xlink:href="../../ifrs-cor_2009-04-01.xsd#ifrs_ExplanationOfAmountOfRelatedPartyTransactionOtherRelatedParties" xlink:label="loc_63"/>
    <link:reference xlink:type="resource" xlink:label="res_2" xlink:role="http://www.xbrl.org/2003/role/disclosureRef">
      <ref:Name>IAS</ref:Name>
      <ref:Number>24</ref:Number>
      <ref:IssueDate>2009-01-01</ref:IssueDate>
      <ref:Paragraph>12</ref:Paragraph>
    </link:reference>
    <link:reference xlink:type="resource" xlink:label="res" xlink:role="http://www.xbrl.org/2003/role/reference">
      <ref:Name>IAS</ref:Name>
      <ref:Number>24</ref:Number>
      <ref:IssueDate>2009-01-01</ref:IssueDate>
      <ref:Section>Disclosure</ref:Section>
    </link:reference>
    <link:reference xlink:type="resource" xlink:label="res_3" xlink:role="http://www.xbrl.org/2003/role/disclosureRef">
      <ref:Name>IAS</ref:Name>
      <ref:Number>24</ref:Number>
      <ref:IssueDate>2009-01-01</ref:IssueDate>
      <ref:Paragraph>16</ref:Paragraph>
      <ref:Subparagraph>b</ref:Subparagraph>
    </link:reference>
    <link:reference xlink:type="resource" xlink:label="res_4" xlink:role="http://www.xbrl.org/2003/role/disclosureRef">
      <ref:Name>IAS</ref:Name>
      <ref:Number>24</ref:Number>
      <ref:IssueDate>2009-01-01</ref:IssueDate>
      <ref:Paragraph>16</ref:Paragraph>
    </link:reference>
    <link:reference xlink:type="resource" xlink:label="res_5" xlink:role="http://www.xbrl.org/2003/role/disclosureRef">
      <ref:Name>IAS</ref:Name>
      <ref:Number>24</ref:Number>
      <ref:IssueDate>2009-01-01</ref:IssueDate>
      <ref:Paragraph>16</ref:Paragraph>
      <ref:Subparagraph>d</ref:Subparagraph>
    </link:reference>
    <link:reference xlink:type="resource" xlink:label="res_6" xlink:role="http://www.xbrl.org/2003/role/disclosureRef">
      <ref:Name>IAS</ref:Name>
      <ref:Number>24</ref:Number>
      <ref:IssueDate>2009-01-01</ref:IssueDate>
      <ref:Paragraph>16</ref:Paragraph>
      <ref:Subparagraph>e</ref:Subparagraph>
    </link:reference>
    <link:reference xlink:type="resource" xlink:label="res_7" xlink:role="http://www.xbrl.org/2003/role/disclosureRef">
      <ref:Name>IAS</ref:Name>
      <ref:Number>24</ref:Number>
      <ref:IssueDate>2009-01-01</ref:IssueDate>
      <ref:Paragraph>16</ref:Paragraph>
      <ref:Subparagraph>c</ref:Subparagraph>
    </link:reference>
    <link:reference xlink:type="resource" xlink:label="res_8" xlink:role="http://www.xbrl.org/2003/role/disclosureRef">
      <ref:Name>IAS</ref:Name>
      <ref:Number>24</ref:Number>
      <ref:IssueDate>2009-01-01</ref:IssueDate>
      <ref:Paragraph>16</ref:Paragraph>
      <ref:Subparagraph>a</ref:Subparagraph>
    </link:reference>
    <link:reference xlink:type="resource" xlink:label="res_9" xlink:role="http://www.xbrl.org/2003/role/disclosureRef">
      <ref:Name>IAS</ref:Name>
      <ref:Number>24</ref:Number>
      <ref:IssueDate>2009-01-01</ref:IssueDate>
      <ref:Paragraph>17</ref:Paragraph>
    </link:reference>
    <link:reference xlink:type="resource" xlink:label="res_10" xlink:role="http://www.xbrl.org/2003/role/disclosureRef">
      <ref:Name>IAS</ref:Name>
      <ref:Number>24</ref:Number>
      <ref:IssueDate>2009-01-01</ref:IssueDate>
      <ref:Paragraph>18</ref:Paragraph>
      <ref:Subparagraph>f</ref:Subparagraph>
    </link:reference>
    <link:reference xlink:type="resource" xlink:label="res_11" xlink:role="http://www.xbrl.org/2003/role/disclosureRef">
      <ref:Name>IAS</ref:Name>
      <ref:Number>24</ref:Number>
      <ref:IssueDate>2009-01-01</ref:IssueDate>
      <ref:Paragraph>18</ref:Paragraph>
      <ref:Subparagraph>c</ref:Subparagraph>
    </link:reference>
    <link:reference xlink:type="resource" xlink:label="res_12" xlink:role="http://www.xbrl.org/2003/role/disclosureRef">
      <ref:Name>IAS</ref:Name>
      <ref:Number>24</ref:Number>
      <ref:IssueDate>2009-01-01</ref:IssueDate>
      <ref:Paragraph>18</ref:Paragraph>
      <ref:Subparagraph>d</ref:Subparagraph>
    </link:reference>
    <link:reference xlink:type="resource" xlink:label="res_13" xlink:role="http://www.xbrl.org/2003/role/disclosureRef">
      <ref:Name>IAS</ref:Name>
      <ref:Number>24</ref:Number>
      <ref:IssueDate>2009-01-01</ref:IssueDate>
      <ref:Paragraph>18</ref:Paragraph>
      <ref:Subparagraph>b</ref:Subparagraph>
    </link:reference>
    <link:reference xlink:type="resource" xlink:label="res_14" xlink:role="http://www.xbrl.org/2003/role/disclosureRef">
      <ref:Name>IAS</ref:Name>
      <ref:Number>24</ref:Number>
      <ref:IssueDate>2009-01-01</ref:IssueDate>
      <ref:Paragraph>18</ref:Paragraph>
      <ref:Subparagraph>g</ref:Subparagraph>
    </link:reference>
    <link:reference xlink:type="resource" xlink:label="res_15" xlink:role="http://www.xbrl.org/2003/role/disclosureRef">
      <ref:Name>IAS</ref:Name>
      <ref:Number>24</ref:Number>
      <ref:IssueDate>2009-01-01</ref:IssueDate>
      <ref:Paragraph>18</ref:Paragraph>
      <ref:Subparagraph>a</ref:Subparagraph>
    </link:reference>
    <link:reference xlink:type="resource" xlink:label="res_16" xlink:role="http://www.xbrl.org/2003/role/disclosureRef">
      <ref:Name>IAS</ref:Name>
      <ref:Number>24</ref:Number>
      <ref:IssueDate>2009-01-01</ref:IssueDate>
      <ref:Paragraph>18</ref:Paragraph>
      <ref:Subparagraph>e</ref:Subparagraph>
    </link:reference>
    <link:reference xlink:type="resource" xlink:label="res_17" xlink:role="http://www.xbrl.org/2003/role/disclosureRef">
      <ref:Name>IAS</ref:Name>
      <ref:Number>24</ref:Number>
      <ref:IssueDate>2009-01-01</ref:IssueDate>
      <ref:Paragraph>17</ref:Paragraph>
      <ref:Subparagraph>d</ref:Subparagraph>
    </link:reference>
    <link:reference xlink:type="resource" xlink:label="res_18" xlink:role="http://www.xbrl.org/2003/role/disclosureRef">
      <ref:Name>IAS</ref:Name>
      <ref:Number>24</ref:Number>
      <ref:IssueDate>2009-01-01</ref:IssueDate>
      <ref:Paragraph>17</ref:Paragraph>
      <ref:Subparagraph>b</ref:Subparagraph>
    </link:reference>
    <link:reference xlink:type="resource" xlink:label="res_19" xlink:role="http://www.xbrl.org/2003/role/disclosureRef">
      <ref:Name>IAS</ref:Name>
      <ref:Number>24</ref:Number>
      <ref:IssueDate>2009-01-01</ref:IssueDate>
      <ref:Paragraph>17</ref:Paragraph>
      <ref:Subparagraph>c</ref:Subparagraph>
    </link:reference>
    <link:reference xlink:type="resource" xlink:label="res_20" xlink:role="http://www.xbrl.org/2003/role/disclosureRef">
      <ref:Name>IAS</ref:Name>
      <ref:Number>24</ref:Number>
      <ref:IssueDate>2009-01-01</ref:IssueDate>
      <ref:Paragraph>17</ref:Paragraph>
      <ref:Subparagraph>a</ref:Subparagraph>
    </link:reference>
    <link:referenceArc xlink:type="arc" xlink:arcrole="http://www.xbrl.org/2003/arcrole/concept-reference" xlink:from="loc_12" xlink:to="res_2"/>
    <link:referenceArc xlink:type="arc" xlink:arcrole="http://www.xbrl.org/2003/arcrole/concept-reference" xlink:from="loc_15" xlink:to="res_2"/>
    <link:referenceArc xlink:type="arc" xlink:arcrole="http://www.xbrl.org/2003/arcrole/concept-reference" xlink:from="loc" xlink:to="res"/>
    <link:referenceArc xlink:type="arc" xlink:arcrole="http://www.xbrl.org/2003/arcrole/concept-reference" xlink:from="loc_2" xlink:to="res"/>
    <link:referenceArc xlink:type="arc" xlink:arcrole="http://www.xbrl.org/2003/arcrole/concept-reference" xlink:from="loc_3" xlink:to="res"/>
    <link:referenceArc xlink:type="arc" xlink:arcrole="http://www.xbrl.org/2003/arcrole/concept-reference" xlink:from="loc_4" xlink:to="res"/>
    <link:referenceArc xlink:type="arc" xlink:arcrole="http://www.xbrl.org/2003/arcrole/concept-reference" xlink:from="loc_5" xlink:to="res"/>
    <link:referenceArc xlink:type="arc" xlink:arcrole="http://www.xbrl.org/2003/arcrole/concept-reference" xlink:from="loc_6" xlink:to="res"/>
    <link:referenceArc xlink:type="arc" xlink:arcrole="http://www.xbrl.org/2003/arcrole/concept-reference" xlink:from="loc_7" xlink:to="res"/>
    <link:referenceArc xlink:type="arc" xlink:arcrole="http://www.xbrl.org/2003/arcrole/concept-reference" xlink:from="loc_8" xlink:to="res"/>
    <link:referenceArc xlink:type="arc" xlink:arcrole="http://www.xbrl.org/2003/arcrole/concept-reference" xlink:from="loc_9" xlink:to="res"/>
    <link:referenceArc xlink:type="arc" xlink:arcrole="http://www.xbrl.org/2003/arcrole/concept-reference" xlink:from="loc_10" xlink:to="res"/>
    <link:referenceArc xlink:type="arc" xlink:arcrole="http://www.xbrl.org/2003/arcrole/concept-reference" xlink:from="loc_11" xlink:to="res"/>
    <link:referenceArc xlink:type="arc" xlink:arcrole="http://www.xbrl.org/2003/arcrole/concept-reference" xlink:from="loc_13" xlink:to="res_2"/>
    <link:referenceArc xlink:type="arc" xlink:arcrole="http://www.xbrl.org/2003/arcrole/concept-reference" xlink:from="loc_14" xlink:to="res_2"/>
    <link:referenceArc xlink:type="arc" xlink:arcrole="http://www.xbrl.org/2003/arcrole/concept-reference" xlink:from="loc_16" xlink:to="res_3"/>
    <link:referenceArc xlink:type="arc" xlink:arcrole="http://www.xbrl.org/2003/arcrole/concept-reference" xlink:from="loc_17" xlink:to="res_4"/>
    <link:referenceArc xlink:type="arc" xlink:arcrole="http://www.xbrl.org/2003/arcrole/concept-reference" xlink:from="loc_18" xlink:to="res_5"/>
    <link:referenceArc xlink:type="arc" xlink:arcrole="http://www.xbrl.org/2003/arcrole/concept-reference" xlink:from="loc_19" xlink:to="res_6"/>
    <link:referenceArc xlink:type="arc" xlink:arcrole="http://www.xbrl.org/2003/arcrole/concept-reference" xlink:from="loc_20" xlink:to="res_7"/>
    <link:referenceArc xlink:type="arc" xlink:arcrole="http://www.xbrl.org/2003/arcrole/concept-reference" xlink:from="loc_21" xlink:to="res_8"/>
    <link:referenceArc xlink:type="arc" xlink:arcrole="http://www.xbrl.org/2003/arcrole/concept-reference" xlink:from="loc_22" xlink:to="res_9"/>
    <link:referenceArc xlink:type="arc" xlink:arcrole="http://www.xbrl.org/2003/arcrole/concept-reference" xlink:from="loc_22" xlink:to="res_10"/>
    <link:referenceArc xlink:type="arc" xlink:arcrole="http://www.xbrl.org/2003/arcrole/concept-reference" xlink:from="loc_23" xlink:to="res_9"/>
    <link:referenceArc xlink:type="arc" xlink:arcrole="http://www.xbrl.org/2003/arcrole/concept-reference" xlink:from="loc_23" xlink:to="res_11"/>
    <link:referenceArc xlink:type="arc" xlink:arcrole="http://www.xbrl.org/2003/arcrole/concept-reference" xlink:from="loc_24" xlink:to="res_9"/>
    <link:referenceArc xlink:type="arc" xlink:arcrole="http://www.xbrl.org/2003/arcrole/concept-reference" xlink:from="loc_24" xlink:to="res_11"/>
    <link:referenceArc xlink:type="arc" xlink:arcrole="http://www.xbrl.org/2003/arcrole/concept-reference" xlink:from="loc_25" xlink:to="res_9"/>
    <link:referenceArc xlink:type="arc" xlink:arcrole="http://www.xbrl.org/2003/arcrole/concept-reference" xlink:from="loc_25" xlink:to="res_12"/>
    <link:referenceArc xlink:type="arc" xlink:arcrole="http://www.xbrl.org/2003/arcrole/concept-reference" xlink:from="loc_26" xlink:to="res_9"/>
    <link:referenceArc xlink:type="arc" xlink:arcrole="http://www.xbrl.org/2003/arcrole/concept-reference" xlink:from="loc_26" xlink:to="res_10"/>
    <link:referenceArc xlink:type="arc" xlink:arcrole="http://www.xbrl.org/2003/arcrole/concept-reference" xlink:from="loc_27" xlink:to="res_9"/>
    <link:referenceArc xlink:type="arc" xlink:arcrole="http://www.xbrl.org/2003/arcrole/concept-reference" xlink:from="loc_27" xlink:to="res_13"/>
    <link:referenceArc xlink:type="arc" xlink:arcrole="http://www.xbrl.org/2003/arcrole/concept-reference" xlink:from="loc_28" xlink:to="res_9"/>
    <link:referenceArc xlink:type="arc" xlink:arcrole="http://www.xbrl.org/2003/arcrole/concept-reference" xlink:from="loc_28" xlink:to="res_14"/>
    <link:referenceArc xlink:type="arc" xlink:arcrole="http://www.xbrl.org/2003/arcrole/concept-reference" xlink:from="loc_29" xlink:to="res_9"/>
    <link:referenceArc xlink:type="arc" xlink:arcrole="http://www.xbrl.org/2003/arcrole/concept-reference" xlink:from="loc_29" xlink:to="res_15"/>
    <link:referenceArc xlink:type="arc" xlink:arcrole="http://www.xbrl.org/2003/arcrole/concept-reference" xlink:from="loc_30" xlink:to="res_9"/>
    <link:referenceArc xlink:type="arc" xlink:arcrole="http://www.xbrl.org/2003/arcrole/concept-reference" xlink:from="loc_30" xlink:to="res_16"/>
    <link:referenceArc xlink:type="arc" xlink:arcrole="http://www.xbrl.org/2003/arcrole/concept-reference" xlink:from="loc_31" xlink:to="res_9"/>
    <link:referenceArc xlink:type="arc" xlink:arcrole="http://www.xbrl.org/2003/arcrole/concept-reference" xlink:from="loc_31" xlink:to="res_13"/>
    <link:referenceArc xlink:type="arc" xlink:arcrole="http://www.xbrl.org/2003/arcrole/concept-reference" xlink:from="loc_32" xlink:to="res_9"/>
    <link:referenceArc xlink:type="arc" xlink:arcrole="http://www.xbrl.org/2003/arcrole/concept-reference" xlink:from="loc_32" xlink:to="res_14"/>
    <link:referenceArc xlink:type="arc" xlink:arcrole="http://www.xbrl.org/2003/arcrole/concept-reference" xlink:from="loc_33" xlink:to="res_9"/>
    <link:referenceArc xlink:type="arc" xlink:arcrole="http://www.xbrl.org/2003/arcrole/concept-reference" xlink:from="loc_33" xlink:to="res_16"/>
    <link:referenceArc xlink:type="arc" xlink:arcrole="http://www.xbrl.org/2003/arcrole/concept-reference" xlink:from="loc_34" xlink:to="res_9"/>
    <link:referenceArc xlink:type="arc" xlink:arcrole="http://www.xbrl.org/2003/arcrole/concept-reference" xlink:from="loc_34" xlink:to="res_12"/>
    <link:referenceArc xlink:type="arc" xlink:arcrole="http://www.xbrl.org/2003/arcrole/concept-reference" xlink:from="loc_35" xlink:to="res_9"/>
    <link:referenceArc xlink:type="arc" xlink:arcrole="http://www.xbrl.org/2003/arcrole/concept-reference" xlink:from="loc_35" xlink:to="res_15"/>
    <link:referenceArc xlink:type="arc" xlink:arcrole="http://www.xbrl.org/2003/arcrole/concept-reference" xlink:from="loc_36" xlink:to="res_17"/>
    <link:referenceArc xlink:type="arc" xlink:arcrole="http://www.xbrl.org/2003/arcrole/concept-reference" xlink:from="loc_36" xlink:to="res_12"/>
    <link:referenceArc xlink:type="arc" xlink:arcrole="http://www.xbrl.org/2003/arcrole/concept-reference" xlink:from="loc_37" xlink:to="res_17"/>
    <link:referenceArc xlink:type="arc" xlink:arcrole="http://www.xbrl.org/2003/arcrole/concept-reference" xlink:from="loc_37" xlink:to="res_16"/>
    <link:referenceArc xlink:type="arc" xlink:arcrole="http://www.xbrl.org/2003/arcrole/concept-reference" xlink:from="loc_38" xlink:to="res_17"/>
    <link:referenceArc xlink:type="arc" xlink:arcrole="http://www.xbrl.org/2003/arcrole/concept-reference" xlink:from="loc_38" xlink:to="res_14"/>
    <link:referenceArc xlink:type="arc" xlink:arcrole="http://www.xbrl.org/2003/arcrole/concept-reference" xlink:from="loc_39" xlink:to="res_17"/>
    <link:referenceArc xlink:type="arc" xlink:arcrole="http://www.xbrl.org/2003/arcrole/concept-reference" xlink:from="loc_39" xlink:to="res_13"/>
    <link:referenceArc xlink:type="arc" xlink:arcrole="http://www.xbrl.org/2003/arcrole/concept-reference" xlink:from="loc_40" xlink:to="res_17"/>
    <link:referenceArc xlink:type="arc" xlink:arcrole="http://www.xbrl.org/2003/arcrole/concept-reference" xlink:from="loc_40" xlink:to="res_15"/>
    <link:referenceArc xlink:type="arc" xlink:arcrole="http://www.xbrl.org/2003/arcrole/concept-reference" xlink:from="loc_41" xlink:to="res_17"/>
    <link:referenceArc xlink:type="arc" xlink:arcrole="http://www.xbrl.org/2003/arcrole/concept-reference" xlink:from="loc_41" xlink:to="res_10"/>
    <link:referenceArc xlink:type="arc" xlink:arcrole="http://www.xbrl.org/2003/arcrole/concept-reference" xlink:from="loc_42" xlink:to="res_17"/>
    <link:referenceArc xlink:type="arc" xlink:arcrole="http://www.xbrl.org/2003/arcrole/concept-reference" xlink:from="loc_42" xlink:to="res_11"/>
    <link:referenceArc xlink:type="arc" xlink:arcrole="http://www.xbrl.org/2003/arcrole/concept-reference" xlink:from="loc_43" xlink:to="res_18"/>
    <link:referenceArc xlink:type="arc" xlink:arcrole="http://www.xbrl.org/2003/arcrole/concept-reference" xlink:from="loc_43" xlink:to="res_16"/>
    <link:referenceArc xlink:type="arc" xlink:arcrole="http://www.xbrl.org/2003/arcrole/concept-reference" xlink:from="loc_44" xlink:to="res_18"/>
    <link:referenceArc xlink:type="arc" xlink:arcrole="http://www.xbrl.org/2003/arcrole/concept-reference" xlink:from="loc_44" xlink:to="res_10"/>
    <link:referenceArc xlink:type="arc" xlink:arcrole="http://www.xbrl.org/2003/arcrole/concept-reference" xlink:from="loc_45" xlink:to="res_18"/>
    <link:referenceArc xlink:type="arc" xlink:arcrole="http://www.xbrl.org/2003/arcrole/concept-reference" xlink:from="loc_45" xlink:to="res_12"/>
    <link:referenceArc xlink:type="arc" xlink:arcrole="http://www.xbrl.org/2003/arcrole/concept-reference" xlink:from="loc_46" xlink:to="res_18"/>
    <link:referenceArc xlink:type="arc" xlink:arcrole="http://www.xbrl.org/2003/arcrole/concept-reference" xlink:from="loc_46" xlink:to="res_14"/>
    <link:referenceArc xlink:type="arc" xlink:arcrole="http://www.xbrl.org/2003/arcrole/concept-reference" xlink:from="loc_47" xlink:to="res_18"/>
    <link:referenceArc xlink:type="arc" xlink:arcrole="http://www.xbrl.org/2003/arcrole/concept-reference" xlink:from="loc_47" xlink:to="res_15"/>
    <link:referenceArc xlink:type="arc" xlink:arcrole="http://www.xbrl.org/2003/arcrole/concept-reference" xlink:from="loc_48" xlink:to="res_18"/>
    <link:referenceArc xlink:type="arc" xlink:arcrole="http://www.xbrl.org/2003/arcrole/concept-reference" xlink:from="loc_48" xlink:to="res_13"/>
    <link:referenceArc xlink:type="arc" xlink:arcrole="http://www.xbrl.org/2003/arcrole/concept-reference" xlink:from="loc_49" xlink:to="res_18"/>
    <link:referenceArc xlink:type="arc" xlink:arcrole="http://www.xbrl.org/2003/arcrole/concept-reference" xlink:from="loc_49" xlink:to="res_11"/>
    <link:referenceArc xlink:type="arc" xlink:arcrole="http://www.xbrl.org/2003/arcrole/concept-reference" xlink:from="loc_50" xlink:to="res_19"/>
    <link:referenceArc xlink:type="arc" xlink:arcrole="http://www.xbrl.org/2003/arcrole/concept-reference" xlink:from="loc_50" xlink:to="res_10"/>
    <link:referenceArc xlink:type="arc" xlink:arcrole="http://www.xbrl.org/2003/arcrole/concept-reference" xlink:from="loc_51" xlink:to="res_19"/>
    <link:referenceArc xlink:type="arc" xlink:arcrole="http://www.xbrl.org/2003/arcrole/concept-reference" xlink:from="loc_51" xlink:to="res_11"/>
    <link:referenceArc xlink:type="arc" xlink:arcrole="http://www.xbrl.org/2003/arcrole/concept-reference" xlink:from="loc_52" xlink:to="res_19"/>
    <link:referenceArc xlink:type="arc" xlink:arcrole="http://www.xbrl.org/2003/arcrole/concept-reference" xlink:from="loc_52" xlink:to="res_15"/>
    <link:referenceArc xlink:type="arc" xlink:arcrole="http://www.xbrl.org/2003/arcrole/concept-reference" xlink:from="loc_53" xlink:to="res_19"/>
    <link:referenceArc xlink:type="arc" xlink:arcrole="http://www.xbrl.org/2003/arcrole/concept-reference" xlink:from="loc_53" xlink:to="res_14"/>
    <link:referenceArc xlink:type="arc" xlink:arcrole="http://www.xbrl.org/2003/arcrole/concept-reference" xlink:from="loc_54" xlink:to="res_19"/>
    <link:referenceArc xlink:type="arc" xlink:arcrole="http://www.xbrl.org/2003/arcrole/concept-reference" xlink:from="loc_54" xlink:to="res_12"/>
    <link:referenceArc xlink:type="arc" xlink:arcrole="http://www.xbrl.org/2003/arcrole/concept-reference" xlink:from="loc_55" xlink:to="res_19"/>
    <link:referenceArc xlink:type="arc" xlink:arcrole="http://www.xbrl.org/2003/arcrole/concept-reference" xlink:from="loc_55" xlink:to="res_16"/>
    <link:referenceArc xlink:type="arc" xlink:arcrole="http://www.xbrl.org/2003/arcrole/concept-reference" xlink:from="loc_56" xlink:to="res_19"/>
    <link:referenceArc xlink:type="arc" xlink:arcrole="http://www.xbrl.org/2003/arcrole/concept-reference" xlink:from="loc_56" xlink:to="res_13"/>
    <link:referenceArc xlink:type="arc" xlink:arcrole="http://www.xbrl.org/2003/arcrole/concept-reference" xlink:from="loc_57" xlink:to="res_20"/>
    <link:referenceArc xlink:type="arc" xlink:arcrole="http://www.xbrl.org/2003/arcrole/concept-reference" xlink:from="loc_57" xlink:to="res_11"/>
    <link:referenceArc xlink:type="arc" xlink:arcrole="http://www.xbrl.org/2003/arcrole/concept-reference" xlink:from="loc_58" xlink:to="res_20"/>
    <link:referenceArc xlink:type="arc" xlink:arcrole="http://www.xbrl.org/2003/arcrole/concept-reference" xlink:from="loc_58" xlink:to="res_15"/>
    <link:referenceArc xlink:type="arc" xlink:arcrole="http://www.xbrl.org/2003/arcrole/concept-reference" xlink:from="loc_59" xlink:to="res_20"/>
    <link:referenceArc xlink:type="arc" xlink:arcrole="http://www.xbrl.org/2003/arcrole/concept-reference" xlink:from="loc_59" xlink:to="res_12"/>
    <link:referenceArc xlink:type="arc" xlink:arcrole="http://www.xbrl.org/2003/arcrole/concept-reference" xlink:from="loc_60" xlink:to="res_20"/>
    <link:referenceArc xlink:type="arc" xlink:arcrole="http://www.xbrl.org/2003/arcrole/concept-reference" xlink:from="loc_60" xlink:to="res_10"/>
    <link:referenceArc xlink:type="arc" xlink:arcrole="http://www.xbrl.org/2003/arcrole/concept-reference" xlink:from="loc_61" xlink:to="res_20"/>
    <link:referenceArc xlink:type="arc" xlink:arcrole="http://www.xbrl.org/2003/arcrole/concept-reference" xlink:from="loc_61" xlink:to="res_13"/>
    <link:referenceArc xlink:type="arc" xlink:arcrole="http://www.xbrl.org/2003/arcrole/concept-reference" xlink:from="loc_62" xlink:to="res_20"/>
    <link:referenceArc xlink:type="arc" xlink:arcrole="http://www.xbrl.org/2003/arcrole/concept-reference" xlink:from="loc_62" xlink:to="res_16"/>
    <link:referenceArc xlink:type="arc" xlink:arcrole="http://www.xbrl.org/2003/arcrole/concept-reference" xlink:from="loc_63" xlink:to="res_20"/>
    <link:referenceArc xlink:type="arc" xlink:arcrole="http://www.xbrl.org/2003/arcrole/concept-reference" xlink:from="loc_63" xlink:to="res_14"/>
  </link:referenceLink>
</link:linkbase>
