<taxonomyPackage xmlns='http://www.corefiling.com/xbrl/taxonomypackage/v1' xmlns:xsi="http://www.w3.org/2001/XMLSchema-instance" xsi:schemaLocation="http://www.corefiling.com/xbrl/taxonomypackage/v1 http://schemas.corefiling.com/taxonomypackage/1.0.0/taxonomypackage.xsd">
  <name xml:lang='en-US'>UK Taxonomies</name>
  <description xml:lang='en-US'>UK GAAP, IFRS, Banking and Charities Taxonomies</description>
  <version>2009-09-01</version>
  <remappings>
    <remapping 
      prefix="http://www.xbrl.org/uk/"
      replaceWith="uk-all-2009-09-01/" />
  </remappings>
  <entryPoints>
    <entryPoint>
      <name xml:lang='en-US'>UK GAAP Full Entry Point</name>
      <entryPointDocument href='http://www.xbrl.org/uk/gaap/core/2009-09-01/uk-gaap-full-2009-09-01.xsd' />
    </entryPoint>
    <entryPoint>
      <name xml:lang='en-US'>UK Banking Full Entry Point</name>
      <entryPointDocument href='http://www.xbrl.org/uk/ifrs/banking/2009-09-01/uk-banking-2009-09-01.xsd' />
    </entryPoint>
    <entryPoint>
      <name xml:lang='en-US'>UK Charities Full Entry Point</name>
      <entryPointDocument href='http://www.xbrl.org/uk/char/core/2009-09-01/uk-char-full-2009-09-01.xsd' />
    </entryPoint>
    <entryPoint>
      <name xml:lang='en-US'>UK IFRS Full Entry Point</name>
      <entryPointDocument href='http://www.xbrl.org/uk/ifrs/core/2009-09-01/uk-ifrs-full-2009-09-01.xsd' />
    </entryPoint>
  </entryPoints>
</taxonomyPackage>
