<?xml version="1.0" encoding="UTF-8"?>

<!--
            Taxonomy: 2009-04-01 (Final)
            ********************** 
            Copyright © 2009 International Accounting Standards Committee (IASC) Foundation 
            This material is copyright of the IASC Foundation and all rights are reserved. 
            No part of this material may be translated, reprinted, reproduced or utilised in 
            any form or manner that is not expressly permitted by the IASC Foundations XBRL 
            IP Policy see: http://www.iasb.org/xbrl/ 
            ********************** 
            

        -->
<link:linkbase xmlns:xsi="http://www.w3.org/2001/XMLSchema-instance" xsi:schemaLocation="http://www.xbrl.org/2006/ref http://www.xbrl.org/2006/ref-2006-02-27.xsd http://www.xbrl.org/2003/linkbase http://www.xbrl.org/2003/xbrl-linkbase-2003-12-31.xsd" xmlns:link="http://www.xbrl.org/2003/linkbase" xmlns:ref="http://www.xbrl.org/2006/ref" xmlns:xlink="http://www.w3.org/1999/xlink">
  <link:referenceLink xlink:type="extended" xlink:role="http://www.xbrl.org/2003/role/link">
    <link:loc xlink:type="locator" xlink:href="../../ifrs-cor_2009-04-01.xsd#ifrs_DisclosureOfInsuranceContractsExplanatory" xlink:label="loc_2"/>
    <link:loc xlink:type="locator" xlink:href="../../ifrs-cor_2009-04-01.xsd#ifrs_ExplanationOfAssumptionsToMeasureInsuranceAssetsAndLiabilities" xlink:label="loc_5"/>
    <link:loc xlink:type="locator" xlink:href="../../ifrs-cor_2009-04-01.xsd#ifrs_AdditionalInformationAboutAmountsArisingFromInsuranceContracts" xlink:label="loc_6"/>
    <link:loc xlink:type="locator" xlink:href="../../ifrs-cor_2009-04-01.xsd#ifrs_ExplanationOfEffectOfChangesInAssumptionsToMeasureInsuranceAssetsAndInsuranceLiabilities" xlink:label="loc_7"/>
    <link:loc xlink:type="locator" xlink:href="../../ifrs-cor_2009-04-01.xsd#ifrs_DisclosureOfNatureAndExtentOfRisksArisingFromInsuranceContractsExplanatory" xlink:label="loc_8"/>
    <link:loc xlink:type="locator" xlink:href="../../ifrs-cor_2009-04-01.xsd#ifrs_DescriptionOfObjectivesPoliciesAndProcessesForManagingRisksArisingFromInsuranceContractsAndMethodsUsedToManageThoseRisks" xlink:label="loc_9"/>
    <link:loc xlink:type="locator" xlink:href="../../ifrs-cor_2009-04-01.xsd#ifrs_DisclosureOfInsuranceRiskExplanatory" xlink:label="loc_10"/>
    <link:loc xlink:type="locator" xlink:href="../../ifrs-cor_2009-04-01.xsd#ifrs_DisclosureOfSensitivityToInsuranceRiskExplanatory" xlink:label="loc_11"/>
    <link:loc xlink:type="locator" xlink:href="../../ifrs-cor_2009-04-01.xsd#ifrs_SensitivityAnalysisToInsuranceRisk" xlink:label="loc_12"/>
    <link:loc xlink:type="locator" xlink:href="../../ifrs-cor_2009-04-01.xsd#ifrs_QualitativeInformationAboutSensitivityAndInformationAboutThoseTermsAndConditionsOfInsuranceContractsThatHaveMaterialEffect" xlink:label="loc_13"/>
    <link:loc xlink:type="locator" xlink:href="../../ifrs-cor_2009-04-01.xsd#ifrs_DescriptionOfConcentrationsOfInsuranceRisk" xlink:label="loc_14"/>
    <link:loc xlink:type="locator" xlink:href="../../ifrs-cor_2009-04-01.xsd#ifrs_DisclosureOfActualClaimsComparedWithPreviousEstimatesExplanatory" xlink:label="loc_15"/>
    <link:loc xlink:type="locator" xlink:href="../../ifrs-cor_2009-04-01.xsd#ifrs_DisclosureOfCreditRiskOfInsuranceContractsExplanatory" xlink:label="loc_16"/>
    <link:loc xlink:type="locator" xlink:href="../../ifrs-cor_2009-04-01.xsd#ifrs_DisclosureOfAmountsArisingFromInsuranceContractsExplanatory" xlink:label="loc"/>
    <link:loc xlink:type="locator" xlink:href="../../ifrs-cor_2009-04-01.xsd#ifrs_DescriptionOfAccountingPolicyForInsuranceContracts" xlink:label="loc_4"/>
    <link:loc xlink:type="locator" xlink:href="../../ifrs-cor_2009-04-01.xsd#ifrs_ExplanationOfAssetsLiabilitiesIncomeAndExpenseArisingFromInsuranceContracts" xlink:label="loc_3"/>
    <link:loc xlink:type="locator" xlink:href="../../ifrs-cor_2009-04-01.xsd#ifrs_DisclosureOfLiquidityRiskOfInsuranceContractsExplanatory" xlink:label="loc_17"/>
    <link:loc xlink:type="locator" xlink:href="../../ifrs-cor_2009-04-01.xsd#ifrs_DisclosureOfMarketRiskOfInsuranceContractsExplanatory" xlink:label="loc_18"/>
    <link:reference xlink:type="resource" xlink:label="res" xlink:role="http://www.xbrl.org/2003/role/reference">
      <ref:Name>IFRS</ref:Name>
      <ref:Number>4</ref:Number>
      <ref:IssueDate>2009-01-01</ref:IssueDate>
      <ref:Section>Disclosure</ref:Section>
    </link:reference>
    <link:reference xlink:type="resource" xlink:label="res_3" xlink:role="http://www.xbrl.org/2003/role/disclosureRef">
      <ref:Name>IFRS</ref:Name>
      <ref:Number>4</ref:Number>
      <ref:IssueDate>2009-01-01</ref:IssueDate>
      <ref:Paragraph>37</ref:Paragraph>
      <ref:Subparagraph>c</ref:Subparagraph>
    </link:reference>
    <link:reference xlink:type="resource" xlink:label="res_4" xlink:role="http://www.xbrl.org/2003/role/disclosureRef">
      <ref:Name>IFRS</ref:Name>
      <ref:Number>4</ref:Number>
      <ref:IssueDate>2009-01-01</ref:IssueDate>
      <ref:Paragraph>37</ref:Paragraph>
    </link:reference>
    <link:reference xlink:type="resource" xlink:label="res_5" xlink:role="http://www.xbrl.org/2003/role/disclosureRef">
      <ref:Name>IFRS</ref:Name>
      <ref:Number>4</ref:Number>
      <ref:IssueDate>2009-01-01</ref:IssueDate>
      <ref:Paragraph>37</ref:Paragraph>
      <ref:Subparagraph>d</ref:Subparagraph>
    </link:reference>
    <link:reference xlink:type="resource" xlink:label="res_6" xlink:role="http://www.xbrl.org/2003/role/disclosureRef">
      <ref:Name>IFRS</ref:Name>
      <ref:Number>4</ref:Number>
      <ref:IssueDate>2009-01-01</ref:IssueDate>
      <ref:Paragraph>38</ref:Paragraph>
    </link:reference>
    <link:reference xlink:type="resource" xlink:label="res_7" xlink:role="http://www.xbrl.org/2003/role/disclosureRef">
      <ref:Name>IFRS</ref:Name>
      <ref:Number>4</ref:Number>
      <ref:IssueDate>2009-01-01</ref:IssueDate>
      <ref:Paragraph>39</ref:Paragraph>
      <ref:Subparagraph>a</ref:Subparagraph>
    </link:reference>
    <link:reference xlink:type="resource" xlink:label="res_8" xlink:role="http://www.xbrl.org/2003/role/disclosureRef">
      <ref:Name>IFRS</ref:Name>
      <ref:Number>4</ref:Number>
      <ref:IssueDate>2009-01-01</ref:IssueDate>
      <ref:Paragraph>39</ref:Paragraph>
      <ref:Subparagraph>c</ref:Subparagraph>
    </link:reference>
    <link:reference xlink:type="resource" xlink:label="res_9" xlink:role="http://www.xbrl.org/2003/role/disclosureRef">
      <ref:Name>IFRS</ref:Name>
      <ref:Number>4</ref:Number>
      <ref:IssueDate>2009-01-01</ref:IssueDate>
      <ref:Paragraph>39</ref:Paragraph>
      <ref:Subparagraph>c</ref:Subparagraph>
      <ref:Clause>i</ref:Clause>
    </link:reference>
    <link:reference xlink:type="resource" xlink:label="res_10" xlink:role="http://www.xbrl.org/2003/role/disclosureRef">
      <ref:Name>IFRS</ref:Name>
      <ref:Number>4</ref:Number>
      <ref:IssueDate>2009-01-01</ref:IssueDate>
      <ref:Paragraph>39A</ref:Paragraph>
      <ref:Subparagraph>a</ref:Subparagraph>
    </link:reference>
    <link:reference xlink:type="resource" xlink:label="res_11" xlink:role="http://www.xbrl.org/2003/role/disclosureRef">
      <ref:Name>IFRS</ref:Name>
      <ref:Number>4</ref:Number>
      <ref:IssueDate>2009-01-01</ref:IssueDate>
      <ref:Paragraph>39A</ref:Paragraph>
      <ref:Subparagraph>b</ref:Subparagraph>
    </link:reference>
    <link:reference xlink:type="resource" xlink:label="res_12" xlink:role="http://www.xbrl.org/2003/role/disclosureRef">
      <ref:Name>IFRS</ref:Name>
      <ref:Number>4</ref:Number>
      <ref:IssueDate>2009-01-01</ref:IssueDate>
      <ref:Paragraph>39</ref:Paragraph>
      <ref:Subparagraph>c</ref:Subparagraph>
      <ref:Clause>ii</ref:Clause>
    </link:reference>
    <link:reference xlink:type="resource" xlink:label="res_13" xlink:role="http://www.xbrl.org/2003/role/disclosureRef">
      <ref:Name>IFRS</ref:Name>
      <ref:Number>4</ref:Number>
      <ref:IssueDate>2009-01-01</ref:IssueDate>
      <ref:Paragraph>39</ref:Paragraph>
      <ref:Subparagraph>c</ref:Subparagraph>
      <ref:Clause>iii</ref:Clause>
    </link:reference>
    <link:reference xlink:type="resource" xlink:label="res_14" xlink:role="http://www.xbrl.org/2003/role/disclosureRef">
      <ref:Name>IFRS</ref:Name>
      <ref:Number>4</ref:Number>
      <ref:IssueDate>2009-01-01</ref:IssueDate>
      <ref:Paragraph>39</ref:Paragraph>
      <ref:Subparagraph>d</ref:Subparagraph>
    </link:reference>
    <link:reference xlink:type="resource" xlink:label="res_15" xlink:role="http://www.xbrl.org/2003/role/disclosureRef">
      <ref:Name>IFRS</ref:Name>
      <ref:Number>4</ref:Number>
      <ref:IssueDate>2009-01-01</ref:IssueDate>
      <ref:Paragraph>36</ref:Paragraph>
    </link:reference>
    <link:reference xlink:type="resource" xlink:label="res_16" xlink:role="http://www.xbrl.org/2003/role/disclosureRef">
      <ref:Name>IFRS</ref:Name>
      <ref:Number>4</ref:Number>
      <ref:IssueDate>2009-01-01</ref:IssueDate>
      <ref:Paragraph>37</ref:Paragraph>
      <ref:Subparagraph>a</ref:Subparagraph>
    </link:reference>
    <link:reference xlink:type="resource" xlink:label="res_2" xlink:role="http://www.xbrl.org/2003/role/disclosureRef">
      <ref:Name>IFRS</ref:Name>
      <ref:Number>4</ref:Number>
      <ref:IssueDate>2009-01-01</ref:IssueDate>
      <ref:Paragraph>37</ref:Paragraph>
      <ref:Subparagraph>b</ref:Subparagraph>
    </link:reference>
    <link:referenceArc xlink:type="arc" xlink:arcrole="http://www.xbrl.org/2003/arcrole/concept-reference" xlink:from="loc_2" xlink:to="res"/>
    <link:referenceArc xlink:type="arc" xlink:arcrole="http://www.xbrl.org/2003/arcrole/concept-reference" xlink:from="loc_5" xlink:to="res_3"/>
    <link:referenceArc xlink:type="arc" xlink:arcrole="http://www.xbrl.org/2003/arcrole/concept-reference" xlink:from="loc_6" xlink:to="res_4"/>
    <link:referenceArc xlink:type="arc" xlink:arcrole="http://www.xbrl.org/2003/arcrole/concept-reference" xlink:from="loc_7" xlink:to="res_5"/>
    <link:referenceArc xlink:type="arc" xlink:arcrole="http://www.xbrl.org/2003/arcrole/concept-reference" xlink:from="loc_8" xlink:to="res_6"/>
    <link:referenceArc xlink:type="arc" xlink:arcrole="http://www.xbrl.org/2003/arcrole/concept-reference" xlink:from="loc_9" xlink:to="res_7"/>
    <link:referenceArc xlink:type="arc" xlink:arcrole="http://www.xbrl.org/2003/arcrole/concept-reference" xlink:from="loc_10" xlink:to="res_8"/>
    <link:referenceArc xlink:type="arc" xlink:arcrole="http://www.xbrl.org/2003/arcrole/concept-reference" xlink:from="loc_11" xlink:to="res_9"/>
    <link:referenceArc xlink:type="arc" xlink:arcrole="http://www.xbrl.org/2003/arcrole/concept-reference" xlink:from="loc_12" xlink:to="res_10"/>
    <link:referenceArc xlink:type="arc" xlink:arcrole="http://www.xbrl.org/2003/arcrole/concept-reference" xlink:from="loc_13" xlink:to="res_11"/>
    <link:referenceArc xlink:type="arc" xlink:arcrole="http://www.xbrl.org/2003/arcrole/concept-reference" xlink:from="loc_14" xlink:to="res_12"/>
    <link:referenceArc xlink:type="arc" xlink:arcrole="http://www.xbrl.org/2003/arcrole/concept-reference" xlink:from="loc_15" xlink:to="res_13"/>
    <link:referenceArc xlink:type="arc" xlink:arcrole="http://www.xbrl.org/2003/arcrole/concept-reference" xlink:from="loc_16" xlink:to="res_14"/>
    <link:referenceArc xlink:type="arc" xlink:arcrole="http://www.xbrl.org/2003/arcrole/concept-reference" xlink:from="loc" xlink:to="res_15"/>
    <link:referenceArc xlink:type="arc" xlink:arcrole="http://www.xbrl.org/2003/arcrole/concept-reference" xlink:from="loc_4" xlink:to="res_16"/>
    <link:referenceArc xlink:type="arc" xlink:arcrole="http://www.xbrl.org/2003/arcrole/concept-reference" xlink:from="loc_3" xlink:to="res_2"/>
    <link:referenceArc xlink:type="arc" xlink:arcrole="http://www.xbrl.org/2003/arcrole/concept-reference" xlink:from="loc_17" xlink:to="res_14"/>
    <link:referenceArc xlink:type="arc" xlink:arcrole="http://www.xbrl.org/2003/arcrole/concept-reference" xlink:from="loc_18" xlink:to="res_14"/>
  </link:referenceLink>
</link:linkbase>
