<?xml version="1.0" encoding="UTF-8"?>

<!--
            Taxonomy: 2009-04-01 (Final)
            ********************** 
            Copyright © 2009 International Accounting Standards Committee (IASC) Foundation 
            This material is copyright of the IASC Foundation and all rights are reserved. 
            No part of this material may be translated, reprinted, reproduced or utilised in 
            any form or manner that is not expressly permitted by the IASC Foundations XBRL 
            IP Policy see: http://www.iasb.org/xbrl/ 
            ********************** 
            

        -->
<link:linkbase xmlns:xsi="http://www.w3.org/2001/XMLSchema-instance" xsi:schemaLocation="http://www.xbrl.org/2003/linkbase http://www.xbrl.org/2003/xbrl-linkbase-2003-12-31.xsd" xmlns:tmp="http://www.iasb.org/xbrl/versioningTempns" xmlns:link="http://www.xbrl.org/2003/linkbase" xmlns:xlink="http://www.w3.org/1999/xlink">
  <link:roleRef roleURI="http://xbrl.iasb.org/role/ifrs/IAS_17_2009-04-01_role-832750" xlink:type="simple" xlink:href="rol_ias_17_2009-04-01.xsd#IAS_17_2009-04-01_role-832750"/>
  <link:arcroleRef arcroleURI="http://xbrl.org/int/dim/arcrole/domain-member" xlink:type="simple" xlink:href="http://www.xbrl.org/2005/xbrldt-2005.xsd#domain-member"/>
  <link:definitionLink xlink:type="extended" xlink:role="http://xbrl.iasb.org/role/ifrs/IAS_17_2009-04-01_role-832750" xlink:title="[832750] Notes - Minimum lease payments receivable under non-cancellable operating lease by lessor">
    <link:loc xlink:type="locator" xlink:href="../../ifrs-cor_2009-04-01.xsd#ifrs_MinimumLeasePaymentsReceivableUnderNoncancellableOperatingLeaseByLessorAbstract" xlink:label="loc"/>
    <link:loc xlink:type="locator" xlink:href="../../ifrs-cor_2009-04-01.xsd#ifrs_MinimumLeasePaymentsReceivableUnderNoncancellableOperatingLeaseEndOfPeriodNotLaterThanOneYear" xlink:label="loc_2"/>
    <link:loc xlink:type="locator" xlink:href="../../ifrs-cor_2009-04-01.xsd#ifrs_MinimumLeasePaymentsReceivableUnderNoncancellableOperatingLeaseEndOfPeriodLaterThanOneYearAndNotLaterThanFiveYears" xlink:label="loc_3"/>
    <link:loc xlink:type="locator" xlink:href="../../ifrs-cor_2009-04-01.xsd#ifrs_MinimumLeasePaymentsReceivableUnderNoncancellableOperatingLeaseEndOfPeriodLaterThanFiveYears" xlink:label="loc_4"/>
    <link:loc xlink:type="locator" xlink:href="../../ifrs-cor_2009-04-01.xsd#ifrs_MinimumLeasePaymentsReceivableUnderNoncancellableOperatingLease" xlink:label="loc_5"/>
    <link:definitionArc xlink:type="arc" xlink:arcrole="http://xbrl.org/int/dim/arcrole/domain-member" xlink:from="loc" xlink:to="loc_2" order="10.0"/>
    <link:definitionArc xlink:type="arc" xlink:arcrole="http://xbrl.org/int/dim/arcrole/domain-member" xlink:from="loc" xlink:to="loc_3" order="20.0"/>
    <link:definitionArc xlink:type="arc" xlink:arcrole="http://xbrl.org/int/dim/arcrole/domain-member" xlink:from="loc" xlink:to="loc_4" order="30.0"/>
    <link:definitionArc xlink:type="arc" xlink:arcrole="http://xbrl.org/int/dim/arcrole/domain-member" xlink:from="loc" xlink:to="loc_5" order="40.0"/>
  </link:definitionLink>
</link:linkbase>
